date,fees_eth,winning_ticket_transfers
2022-02-18,0.19364455476,2
2022-02-19,1.04673367524,10
2022-02-20,0.5304932966,10
2022-02-21,0.85223180964,8
2022-02-22,0.9416067298566234,9
2022-02-23,1.25655317908,12
2022-02-24,0.3757709282,4
2022-02-25,0.44159016252,6
2022-02-26,0.68730773436,10
2022-02-27,0.99281990064,15
2022-02-28,0.1474792398,2
2022-03-01,0.69401363348,8
2022-03-02,0.38200290548,6
2022-03-03,0.95450495736,13
2022-03-04,0.3656787948,5
2022-03-05,0.54632264704,9
2022-03-06,0.76465004772,13
2022-03-07,0.50018676156,7
2022-03-08,0.28727953344,4
2022-03-09,0.36218025612,6
2022-03-10,0.46780200852,8
2022-03-11,0.63639563252,13
2022-03-12,0.7051594842,17
2022-03-13,0.54980079736,14
2022-03-14,0.45292911184,12
2022-03-15,0.6898123656799999,16
2022-03-16,0.68122326368,14
2022-03-17,0.41383686048,6
2022-03-18,0.74555452968,8
2022-03-19,0.5412255325199999,8
2022-03-20,0.51180404808,10
2022-03-21,0.5128084053599999,11
2022-03-22,0.53471819508,11
2022-03-23,0.53275903692,9
2022-03-24,0.5188203393199999,10
2022-03-25,0.2106994148,7
2022-03-26,0.27552464232,4
2022-03-27,0.4174631642,9
2022-03-28,0.262067085,5
2022-03-29,0.48525238028,9
2022-03-30,0.3260001774,5
2022-03-31,0.62019167172,8
2022-04-01,0.34577848284,4
2022-04-02,0.26474939536,4
2022-04-03,0.15434434032,2
2022-04-04,0.24201572232,3
2022-04-05,0.3830869984,5
2022-04-06,0.1195891492,2
2022-04-07,0.19558353324,2
2022-04-08,0.10321296504,2
2022-04-09,0.27247477988,5
2022-04-10,0.36701751176,13
2022-04-11,0.37500345568,10
2022-04-12,0.70681733588,11
2022-04-13,0.30678969004,9
2022-04-14,0.44551801552,12
2022-04-15,0.1349457896,5
2022-04-16,0.5385175034,11
2022-04-17,0.41882314596,15
2022-04-18,0.54452008756,15
2022-04-19,0.36971344508,11
2022-04-20,0.45107568564,12
2022-04-21,0.1923451168,6
2022-04-22,0.68057782868,12
2022-04-23,0.46138850676,12
2022-04-24,0.4247817151599999,11
2022-04-25,0.2524249504,6
2022-04-26,0.32620057952,11
2022-04-27,0.73637987392,16
2022-04-28,0.45710619484,10
2022-04-29,0.45857396384,9
2022-04-30,0.71885920464,15
2022-05-01,0.65520283764,9
2022-05-02,0.17543539136,7
2022-05-03,0.15329371344,6
2022-05-04,0.57599304116,11
2022-05-05,0.26617545984,6
2022-05-06,0.6671213525599999,12
2022-05-07,0.43043562292,14
2022-05-08,0.47142280364,13
2022-05-09,0.27224618876,6
2022-05-10,0.14915900304,6
2022-05-11,0.44051055056,9
2022-05-12,0.38,4
2022-05-13,0.1523708926399999,3
2022-05-14,0.42039431788,7
2022-05-15,0.33370408496,10
2022-05-16,0.30500266568,10
2022-05-17,0.4214454378,10
2022-05-18,0.30574952204,8
2022-05-19,0.52910473748,16
2022-05-20,0.33571826732,11
2022-05-21,0.41445176672,15
2022-05-22,0.62011033276,20
2022-05-23,0.67375675284,17
2022-05-24,0.42244949512,14
2022-05-25,0.37353907224,12
2022-05-26,0.67005069684,10
2022-05-27,0.60038162208,13
2022-05-28,0.44736981988,9
2022-05-29,0.574435603,20
2022-05-30,0.430998736,11
2022-05-31,0.20268663488,4
2022-06-01,0.38322683412,8
2022-06-02,0.4313654972,7
2022-06-03,0.52978295936,10
2022-06-04,1.21894079648,18
2022-06-05,0.44663882496,12
2022-06-06,0.45404176444,10
2022-06-07,0.46982686748,7
2022-06-08,0.85272690692,19
2022-06-09,0.7490693766400001,12
2022-06-10,0.49432914972,9
2022-06-11,0.4924277438,12
2022-06-12,0.685944376,13
2022-06-13,0.2229999999999999,6
2022-06-14,0.03,3
2022-06-15,0.6096057664,12
2022-06-16,0.5857570184800001,10
2022-06-17,0.33220153144,8
2022-06-18,0.424285646,12
2022-06-19,0.46410847188,10
2022-06-20,0.77924921932,23
2022-06-21,0.2271464504,6
2022-06-22,0.6503170158,13
2022-06-23,0.52808629148,10
2022-06-24,0.68036557772,12
2022-06-25,0.4334641186,8
2022-06-26,0.33391666428,16
2022-06-27,0.27915830712,7
2022-06-28,0.35158843276,6
2022-06-29,0.8384864044,7
2022-06-30,0.37335933232,7
2022-07-01,0.8218463882020202,19
2022-07-02,0.55425570556,21
2022-07-03,0.44692435376,21
2022-07-04,0.3892708218,14
2022-07-05,0.3906431474,13
2022-07-06,0.85163425644,26
2022-07-07,0.43843280208,15
2022-07-08,0.58322119012,16
2022-07-09,0.793588891,30
2022-07-10,0.45098375236,24
2022-07-11,0.6617099750800001,27
2022-07-12,0.55433580224,21
2022-07-13,0.68554892244,22
2022-07-14,0.7265269246,29
2022-07-15,0.50251147296,20
2022-07-16,0.59778312332,25
2022-07-17,0.44221074176,21
2022-07-18,0.5889860658,28
2022-07-19,0.61714576468,31
2022-07-20,0.1641304538,8
2022-07-21,0.34221922696,10
2022-07-22,0.4884725694,23
2022-07-23,0.46507266388,29
2022-07-24,0.56466007748,34
2022-07-25,0.49759603132,31
2022-07-26,0.64835955388,28
2022-07-27,0.7001081192,32
2022-07-28,0.85620959372,33
2022-07-29,0.44312386088,22
2022-07-30,0.74366177916,48
2022-07-31,0.33092783568,27
2022-08-01,0.6353510576,43
2022-08-02,0.81832517536,41
2022-08-03,0.58642412664,38
2022-08-04,0.4748597886,28
2022-08-05,0.57010095756,34
2022-08-06,0.65298951348,44
2022-08-07,0.55851088164,47
2022-08-08,0.59206320796,37
2022-08-09,0.77965549868,36
2022-08-10,0.62417080696,29
2022-08-11,0.32466014292,10
2022-08-12,0.54336662128,24
2022-08-13,0.67600206104,35
2022-08-14,0.86426954948,51
2022-08-15,0.40039192436,20
2022-08-16,0.88572874836,39
2022-08-17,0.53419043616,29
2022-08-18,0.64010917768,30
2022-08-19,0.51713066916,29
2022-08-20,0.64996313464,37
2022-08-21,0.50179195432,36
2022-08-22,0.58382771348,40
2022-08-23,0.38200845652,23
2022-08-24,0.6423833574,43
2022-08-25,0.43374298736,27
2022-08-26,0.52815358044,26
2022-08-27,0.63570652832,32
2022-08-28,0.8366428898,73
2022-08-29,0.6620788432,34
2022-08-30,0.5639616152,30
2022-08-31,0.53572927736,33
2022-09-01,0.6935,59
2022-09-02,0.5275,45
2022-09-03,0.5335,45
2022-09-04,0.6194979797979798,53
2022-09-05,0.7745,66
2022-09-06,0.7924979797979799,67
2022-09-07,0.646,54
2022-09-08,0.516,44
2022-09-09,0.552,46
2022-09-10,0.4105,35
2022-09-11,0.462,39
2022-09-12,0.384,32
2022-09-13,0.5,42
2022-09-14,0.808,68
2022-09-15,0.73,61
2022-09-16,1.08,91
2022-09-17,0.876,74
2022-09-18,0.74,62
2022-09-19,0.912,77
2022-09-20,0.86,72
2022-09-21,1.294,109
2022-09-22,1.5,126
2022-09-23,1.21,102
2022-09-24,1.246,105
2022-09-25,1.238,104
2022-09-26,1.182,99
2022-09-27,1.162,97
2022-09-28,1.0152,88
2022-09-29,1.042,87
2022-09-30,1.0202,88
2022-10-01,1.4748,125
2022-10-02,1.2082,104
2022-10-03,1.1608,99
2022-10-04,1.176,100
2022-10-05,0.8805000000000001,76
2022-10-06,0.9296,83
2022-10-07,1.0644,94
2022-10-08,1.0485,90
2022-10-09,0.8340000000000001,72
2022-10-10,1.1214,101
2022-10-11,1.3015,115
2022-10-12,1.1464,102
2022-10-13,1.1069,97
2022-10-14,1.1036,101
2022-10-15,0.9446,87
2022-10-16,1.0764,103
2022-10-17,0.917,84
2022-10-18,1.2234,112
2022-10-19,0.9388,86
2022-10-20,0.8511,82
2022-10-21,0.876,81
2022-10-22,0.9295,82
2022-10-23,1.1358,109
2022-10-24,1.1212,103
2022-10-25,1.071052,101
2022-10-26,1.2707,118
2022-10-27,0.9234,88
2022-10-28,0.768,69
2022-10-29,0.6758000000000001,63
2022-10-30,0.8317,78
2022-10-31,0.5585,55
2022-11-01,0.6294,56
2022-11-02,0.61,52
2022-11-03,0.9096,80
2022-11-04,1.3588,123
2022-11-05,1.7178,150
2022-11-06,1.456,128
2022-11-07,1.528,141
2022-11-08,1.7179024,167
2022-11-09,1.5136,159
2022-11-10,1.5441523,157
2022-11-11,1.7784,179
2022-11-12,1.1408,105
2022-11-13,1.125,108
2022-11-14,0.9314242424242424,90
2022-11-15,1.629,164
2022-11-16,1.949,193
2022-11-17,1.9595,188
2022-11-18,1.917,194
2022-11-19,2.1121,210
2022-11-20,2.1061,205
2022-11-21,1.607,158
2022-11-22,0.795,78
2022-11-23,0.8795000000000001,88
2022-11-24,1.0029,106
2022-11-25,0.7599,77
2022-11-26,0.9024,94
2022-11-27,0.9459,98
2022-11-28,0.9246,90
2022-11-29,0.97,102
2022-11-30,0.9105984848484848,100
2022-12-01,0.7795707070707071,82
2022-12-02,0.88575,88
2022-12-03,0.98125,108
2022-12-04,0.9615,105
2022-12-05,0.9466,110
2022-12-06,0.7495,74
2022-12-07,0.86355,90
2022-12-08,1.06915,107
2022-12-09,0.7627,72
2022-12-10,0.63325,64
2022-12-11,0.34675,36
2022-12-12,0.4122,44
2022-12-13,0.3944,38
2022-12-14,0.50015,46
2022-12-15,0.5541,51
2022-12-16,0.43155,44
2022-12-17,0.346,33
2022-12-18,0.40515,42
2022-12-19,0.466,45
2022-12-20,0.4838,48
2022-12-21,0.598,59
2022-12-22,0.5575,55
2022-12-23,0.5294,52
2022-12-24,0.45613,44
2022-12-25,0.32542,31
2022-12-26,0.39094,40
2022-12-27,0.29268,30
2022-12-28,0.35175,34
2022-12-29,0.41044,41
2022-12-30,0.40554,40
2022-12-31,0.3739,39
2023-01-01,0.4349,40
2023-01-02,0.4049,42
2023-01-03,0.37565,39
2023-01-04,0.35884,36
2023-01-05,0.3649,36
2023-01-06,0.5245,50
2023-01-07,0.4657,52
2023-01-08,0.3634,38
2023-01-09,0.6023000000000001,61
2023-01-10,0.7521,80
2023-01-11,0.7139,79
2023-01-12,0.6024,65
2023-01-13,0.6179,72
2023-01-14,0.652,64
2023-01-15,0.6094,69
2023-01-16,0.4767,58
2023-01-17,0.5099,63
2023-01-18,0.56039,58
2023-01-19,0.500197,55
2023-01-20,0.3933,44
2023-01-21,0.35337,41
2023-01-22,0.37894,41
2023-01-23,0.3945,43
2023-01-24,0.85645,102
2023-01-25,2.7897807,311
2023-01-26,0.39649,46
2023-01-27,0.44395,47
2023-01-28,0.3868697,40
2023-01-29,0.6052899,56
2023-01-30,0.5,47
2023-01-31,0.5452184,49
2023-02-01,0.4324,42
2023-02-02,0.56849,55
2023-02-03,0.49464,50
2023-02-04,0.68048,65
2023-02-05,0.69749,66
2023-02-06,0.636,62
2023-02-07,0.69589,68
2023-02-08,0.5,47
2023-02-09,0.48048,49
2023-02-10,0.7126212121212121,71
2023-02-11,0.6216010101010101,61
2023-02-12,0.6868020202020202,68
2023-02-13,0.59629,65
2023-02-14,0.4655312,53
2023-02-15,0.3848242424242424,41
2023-02-16,0.3892323232323232,39
2023-02-17,0.48404,48
2023-02-18,0.523,50
2023-02-19,0.64579,61
2023-02-20,0.3805,40
2023-02-21,0.93024,91
2023-02-22,1.28948,134
2023-02-23,0.85319,89
2023-02-24,0.78443,77
2023-02-25,1.14859,106
2023-02-26,1.08245,103
2023-02-27,0.89,82
2023-02-28,0.8409300000000001,79
2023-03-01,1.35766,134
2023-03-02,0.89809,87
2023-03-03,0.62699,58
2023-03-04,0.587,53
2023-03-05,0.513,46
2023-03-06,0.55259,57
2023-03-07,0.63709,70
2023-03-08,0.6219,56
2023-03-09,0.716234,69
2023-03-10,0.67153,65
2023-03-11,0.783,76
2023-03-12,0.83359,77
2023-03-13,0.54635,55
2023-03-14,0.6885932,71
2023-03-15,0.7157,64
2023-03-16,0.66879,64
2023-03-17,0.817692,80
2023-03-18,0.6852,65
2023-03-19,0.6792900000000001,62
2023-03-20,0.50085,48
2023-03-21,0.6314,59
2023-03-22,0.43948,43
2023-03-23,0.5484,35
2023-03-24,0.6213532,57
2023-03-25,0.52775,53
2023-03-26,0.41559,43
2023-03-27,0.4269976,40
2023-03-28,0.648770707070707,61
2023-03-29,0.56019,54
2023-03-30,0.3974449494949495,38
2023-03-31,0.5666969696969697,54
2023-04-01,0.5311400000000001,48
2023-04-02,0.5516,52
2023-04-03,0.5504248,49
2023-04-04,0.5334,53
2023-04-05,0.4599,42
2023-04-06,0.55988,51
2023-04-07,0.41999,40
2023-04-08,0.61589,56
2023-04-09,0.4317,39
2023-04-10,0.5399,48
2023-04-11,0.414940505050505,42
2023-04-12,0.3883748202020202,35
2023-04-13,0.5837942303030303,55
2023-04-14,0.5348010101010101,49
2023-04-15,0.3914302101010101,32
2023-04-16,0.3538,31
2023-04-17,0.3708066424242424,35
2023-04-18,0.4023242424242424,37
2023-04-19,0.3261572,29
2023-04-20,0.5842752,35
2023-04-21,0.3525352,32
2023-04-22,0.46505,42
2023-04-23,0.36799,36
2023-04-24,0.34385,34
2023-04-25,0.4872848,43
2023-04-26,0.4261228,38
2023-04-27,0.4381184,33
2023-04-28,0.3489,33
2023-04-29,0.36605,34
2023-04-30,0.2879621898,25
2023-05-01,0.40339,37
2023-05-02,0.42809,40
2023-05-03,0.5738044,50
2023-05-04,0.3383,32
2023-05-05,0.49495,44
2023-05-06,0.4517,39
2023-05-07,0.398,38
2023-05-08,0.4312652525252525,42
2023-05-09,0.5154,45
2023-05-10,0.54789,48
2023-05-11,0.42584,40
2023-05-12,0.38114,35
2023-05-13,0.31845,29
2023-05-14,0.6455,58
2023-05-15,0.47735,47
2023-05-16,0.4011,37
2023-05-17,0.45964,45
2023-05-18,0.4771,45
2023-05-19,0.3791664,37
2023-05-20,0.46359,42
2023-05-21,0.4045,39
2023-05-22,0.38665,36
2023-05-23,0.3341809090909091,32
2023-05-24,0.447926,42
2023-05-25,0.3552520202020202,34
2023-05-26,0.41098,37
2023-05-27,0.3870010101010101,34
2023-05-28,0.2094050505050505,20
2023-05-29,0.4186070707070707,41
2023-05-30,0.380710101010101,37
2023-05-31,0.4827980808080808,46
2023-06-01,0.4476798505050505,41
2023-06-02,0.3044242424242424,32
2023-06-03,0.3866181818181818,39
2023-06-04,0.3243050505050505,30
2023-06-05,0.4545860606060606,42
2023-06-06,0.4129,36
2023-06-07,0.40889224,43
2023-06-08,0.41828224,38
2023-06-09,0.346,37
2023-06-10,0.4240504,44
2023-06-11,0.4095,40
2023-06-12,0.3294,35
2023-06-13,0.34007672,35
2023-06-14,0.4101232,39
2023-06-15,0.3904,42
2023-06-16,0.4231144,49
2023-06-17,0.43745,49
2023-06-18,0.2976,38
2023-06-19,0.32225,32
2023-06-20,0.3671192,39
2023-06-21,0.2895,35
2023-06-22,0.49594224,54
2023-06-23,0.5312920709090909,65
2023-06-24,0.538741,60
2023-06-25,0.67166236,64
2023-06-26,0.390610815,43
2023-06-27,0.460149965,53
2023-06-28,0.29630927,36
2023-06-29,0.49930927,56
2023-06-30,0.463333955,60
2023-07-01,0.38211854,56
2023-07-02,0.36596236,39
2023-07-03,0.53267472,61
2023-07-04,0.33099085595,38
2023-07-05,0.5500044260715,62
2023-07-06,0.347936540489355,46
2023-07-07,0.5286487486248914,56
2023-07-08,0.3843433306159276,42
2023-07-09,0.4120395102324832,38
2023-07-10,0.4138262352414928,50
2023-07-11,0.4426507751777435,45
2023-07-12,0.42745,44
2023-07-13,0.3117528,33
2023-07-14,0.4258844,47
2023-07-15,0.38975,44
2023-07-16,0.4491,48
2023-07-17,0.50809224,58
2023-07-18,0.5463,55
2023-07-19,0.40395,44
2023-07-20,0.50108448,48
2023-07-21,0.55245,53
2023-07-22,0.52405,55
2023-07-23,0.5169,49
2023-07-24,0.45838864,46
2023-07-25,0.51325,56
2023-07-26,0.5173,53
2023-07-27,0.6297,70
2023-07-28,0.5462400000000001,61
2023-07-29,0.5044500000000001,55
2023-07-30,0.46824,49
2023-07-31,0.6662,72
2023-08-01,0.4978764,59
2023-08-02,0.646858,69
2023-08-03,0.51723448,63
2023-08-04,0.36595,45
2023-08-05,0.48115,53
2023-08-06,0.7158,73
2023-08-07,0.5361,60
2023-08-08,0.6456000000000001,69
2023-08-09,0.7405883022778982,85
2023-08-10,0.6904026816856267,86
2023-08-11,0.4549543794077285,55
2023-08-12,0.629887187713019,73
2023-08-13,0.6342437734302467,66
2023-08-14,0.6266406979616418,72
2023-08-15,0.71078,71
2023-08-16,0.79269,92
2023-08-17,0.6946568,71
2023-08-18,0.6723,73
2023-08-19,0.7677660000000001,78
2023-08-20,0.6785376,75
2023-08-21,0.65194,70
2023-08-22,0.8448116,73
2023-08-23,0.7532252,77
2023-08-24,0.79512224,76
2023-08-25,0.5935302,58
2023-08-26,0.66815,61
2023-08-27,0.68213,72
2023-08-28,0.8693000000000001,93
2023-08-29,0.7225,73
2023-08-30,0.8040568,76
2023-08-31,0.7725852420012045,82
2023-09-01,0.6131704840024089,66
2023-09-02,0.7466,80
2023-09-03,0.57535,62
2023-09-04,0.6114704840024089,64
2023-09-05,0.6569,68
2023-09-06,0.7638909680048178,80
2023-09-07,0.6081204840024089,60
2023-09-08,0.7281,79
2023-09-09,0.7331,73
2023-09-10,0.7908000000000001,75
2023-09-11,0.8147044,81
2023-09-12,0.7088,73
2023-09-13,0.6264000000000001,64
2023-09-14,0.6541,67
2023-09-15,0.57925,56
2023-09-16,0.6913,72
2023-09-17,0.5049,58
2023-09-18,0.56135,59
2023-09-19,0.52775,51
2023-09-20,0.5537096,56
2023-09-21,0.75155,80
2023-09-22,0.7695500000000001,82
2023-09-23,0.5138,54
2023-09-24,0.7708,80
2023-09-25,0.79515,82
2023-09-26,0.86055,91
2023-09-27,0.7153,78
2023-09-28,0.7373500000000001,81
2023-09-29,0.716,77
2023-09-30,0.5324952000000001,63
2023-10-01,0.8015,87
2023-10-02,0.6206,63
2023-10-03,0.5095500000000001,50
2023-10-04,0.4921,47
2023-10-05,0.67475,67
2023-10-06,0.72995,78
2023-10-07,0.559,59
2023-10-08,0.6714,77
2023-10-09,0.5780500000000001,59
2023-10-10,0.464869696969697,54
2023-10-11,0.3526131313131313,37
2023-10-12,0.3257828282828283,34
2023-10-13,0.2772131313131313,26
2023-10-14,0.2830828282828282,31
2023-10-15,0.3472262626262626,36
2023-10-16,0.279902496969697,31
2023-10-17,0.3921262626262626,41
2023-10-18,0.3749265306122449,43
2023-10-19,0.4849265306122449,47
2023-10-20,0.3008795918367347,32
2023-10-21,0.2804897959183673,30
2023-10-22,0.2163897959183673,26
2023-10-23,0.4019265306122449,46
2023-10-24,0.3545632653061225,32
2023-10-25,0.4398265306122449,44
2023-10-26,0.2741959595959596,32
2023-10-27,0.23895,23
2023-10-28,0.35585,35
2023-10-29,0.3294,34
2023-10-30,0.3862,36
2023-10-31,0.2434565656565656,25
2023-11-01,0.2744,28
2023-11-02,0.168,18
2023-11-03,0.3087,33
2023-11-04,0.30925,37
2023-11-05,0.3463,40
2023-11-06,0.452,48
2023-11-07,0.2822798,35
2023-11-08,0.2295,21
2023-11-09,0.2705,32
2023-11-10,0.29115,34
2023-11-11,0.24575,31
2023-11-12,0.384132,43
2023-11-13,0.3239945656565656,37
2023-11-14,0.3458,33
2023-11-15,0.2684565656565656,27
2023-11-16,0.2588,25
2023-11-17,0.2264565656565656,23
2023-11-18,0.2724565656565657,30
2023-11-19,0.3735302653061224,38
2023-11-20,0.3075,30
2023-11-21,0.2075,21
2023-11-22,0.300970707070707,27
2023-11-23,0.2634696969696969,26
2023-11-24,0.3026708,29
2023-11-25,0.312970707070707,29
2023-11-26,0.254,22
2023-11-27,0.2794,26
2023-11-28,0.24965,23
2023-11-29,0.211,19
2023-11-30,0.1883897959183673,21
2023-12-01,0.2,18
2023-12-02,0.3213,32
2023-12-03,0.278,24
2023-12-04,0.2314,21
2023-12-05,0.3406,34
2023-12-06,0.39,39
2023-12-07,0.34105,39
2023-12-08,0.50754,52
2023-12-09,0.48921,50
2023-12-10,0.41243,43
2023-12-11,0.3168988,28
2023-12-12,0.45677,44
2023-12-13,0.33398,33
2023-12-14,0.36967,39
2023-12-15,0.4230408,40
2023-12-16,0.53856,51
2023-12-17,0.50762,45
2023-12-18,0.45117,42
2023-12-19,0.37843,39
2023-12-20,0.4038,39
2023-12-21,0.397289,37
2023-12-22,0.3229286,31
2023-12-23,0.5178,46
2023-12-24,0.3868,35
2023-12-25,0.46901,45
2023-12-26,0.4331524,41
2023-12-27,0.500299,48
2023-12-28,0.5031411,47
2023-12-29,0.5799,51
2023-12-30,0.61811,56
2023-12-31,0.5589799,55
2024-01-01,0.4594,41
2024-01-02,0.4395628,44
2024-01-03,0.656232,54
2024-01-04,0.4974,45
2024-01-05,0.5722,56
2024-01-06,0.6184000000000001,60
2024-01-07,0.5511,54
2024-01-08,0.6179,60
2024-01-09,0.4522,41
2024-01-10,0.396672,42
2024-01-11,0.3369,29
2024-01-12,0.3554,34
2024-01-13,0.4476,44
2024-01-14,0.3975,41
2024-01-15,0.4391,44
2024-01-16,0.4199,38
2024-01-17,0.47675,46
2024-01-18,0.3013,29
2024-01-19,0.446446,45
2024-01-20,0.441676,44
2024-01-21,0.449646,45
2024-01-22,0.2812,28
2024-01-23,0.403866,42
2024-01-24,0.34,34
2024-01-25,0.343267,38
2024-01-26,0.237267,28
2024-01-27,0.308089,31
2024-01-28,0.3494456,35
2024-01-29,0.287227,29
2024-01-30,0.3947,40
2024-01-31,0.2296,26
2024-02-01,0.3351626,32
2024-02-02,0.3407,36
2024-02-03,0.3440576,35
2024-02-04,0.3104,31
2024-02-05,0.2827526,29
2024-02-06,0.2529,23
2024-02-07,0.227839,25
2024-02-08,0.4490686,45
2024-02-09,0.3272,35
2024-02-10,0.2725,28
2024-02-11,0.385989,41
2024-02-12,0.2588,25
2024-02-13,0.3292,34
2024-02-14,0.2927,31
2024-02-15,0.41545,47
2024-02-16,0.24468,28
2024-02-17,0.42025,40
2024-02-18,0.35508,34
2024-02-19,0.25819,27
2024-02-20,0.36008,37
2024-02-21,0.27349,25
2024-02-22,0.28845,33
2024-02-23,0.2253,30
2024-02-24,0.24849,27
2024-02-25,0.3102,33
2024-02-26,0.24839,27
2024-02-27,0.1466,18
2024-02-28,0.1816172,17
2024-02-29,0.3370668,36
2024-03-01,0.18479,22
2024-03-02,0.2279,24
2024-03-03,0.2384,27
2024-03-04,0.2512,25
2024-03-05,0.2393728,25
2024-03-06,0.4157,41
2024-03-07,0.25228,28
2024-03-08,0.3043,31
2024-03-09,0.2877507070707071,31
2024-03-10,0.2648465656565656,27
2024-03-11,0.2280465656565656,25
2024-03-12,0.2336,64
2024-03-13,0.25958,26
2024-03-14,0.2969836,36
2024-03-15,0.3460588,43
2024-03-16,0.272232,36
2024-03-17,0.33574,38
2024-03-18,0.2048929292929293,30
2024-03-19,0.2685313612121212,123
2024-03-20,0.2333013313131313,217
2024-03-21,0.2200732456565656,218
2024-03-22,0.2510816056565656,217
2024-03-23,0.2491663199999999,211
2024-03-24,0.19295632,161
2024-03-25,0.2122750399999999,181
2024-03-26,0.222067,182
2024-03-27,0.2022094868686868,166
2024-03-28,0.2283767599999999,193
2024-03-29,0.21677464,196
2024-03-30,0.2152171204040404,205
2024-03-31,0.2292551486868686,233
2024-04-01,0.2296294492929292,204
2024-04-02,0.2511576399999999,213
2024-04-03,0.2109639199999999,196
2024-04-04,0.13145624,116
2024-04-05,0.15453508,140
2024-04-06,0.16685,154
2024-04-07,0.12825744,112
2024-04-08,0.1662322399999999,144
2024-04-09,0.16029132,127
2024-04-10,0.1594690399999999,143
2024-04-11,0.1287487199999999,115
2024-04-12,0.10526216,88
2024-04-13,0.0834418399999999,76
2024-04-14,0.1144070399999999,88
2024-04-15,0.0861530799999999,72
2024-04-16,0.09778344,92
2024-04-17,0.1110494799999999,105
2024-04-18,0.1038655199999999,92
2024-04-19,0.142545,95
2024-04-20,0.1051231999999999,95
2024-04-21,0.14317036,141
2024-04-22,0.1422458399999999,135
2024-04-23,0.12706476,148
2024-04-24,0.1398858,114
2024-04-25,0.0985970799999999,76
2024-04-26,0.1397472,110
2024-04-27,0.20104956,166
2024-04-28,0.17574276,158
2024-04-29,0.13954176,129
2024-04-30,0.15695916,128
2024-05-01,0.1343091599999999,100
2024-05-02,0.15004724,131
2024-05-03,0.1409547599999999,120
2024-05-04,0.18806836,173
2024-05-05,0.1657496799999999,142
2024-05-06,0.13053492,112
2024-05-07,0.14643808,128
2024-05-08,0.2565536399999999,155
2024-05-09,0.2175715999999999,192
2024-05-10,0.29944756,224
2024-05-11,0.2239499999999999,192
2024-05-12,0.209,178
2024-05-13,0.1785574399999999,142
2024-05-14,0.1730116,150
2024-05-15,0.13994948,119
2024-05-16,0.1531696456565656,137
2024-05-17,0.1740136662626262,145
2024-05-18,0.1869756,156
2024-05-19,0.1824930387878788,167
2024-05-20,0.168439282020202,129
2024-05-21,0.1638591256565656,137
2024-05-22,0.1728041612121212,159
2024-05-23,0.1645884537373737,101
2024-05-24,0.150104,126
2024-05-25,0.1652409810101009,152
2024-05-26,0.17257264,156
2024-05-27,0.1718159199999999,148
2024-05-28,0.1819997199999999,157
2024-05-29,0.2214288549494949,204
2024-05-30,0.1749245418181818,161
2024-05-31,0.19634272,176
2024-06-01,0.20495696,177
2024-06-02,0.1953063599999999,157
2024-06-03,0.1688417199999999,146
2024-06-04,0.15747956,140
2024-06-05,0.2028446799999999,175
2024-06-06,0.1793127199999999,158
2024-06-07,0.1576305999999999,138
2024-06-08,0.18485632,160
2024-06-09,0.228288,201
2024-06-10,0.1922639199999999,165
2024-06-11,0.1808232,151
2024-06-12,0.1957902399999999,152
2024-06-13,0.2039764399999999,178
2024-06-14,0.1825296,147
2024-06-15,0.1849155999999999,165
2024-06-16,0.1812846799999999,150
2024-06-17,0.1991546799999999,156
2024-06-18,0.17526444,134
2024-06-19,0.18238036,159
2024-06-20,0.2496204,108
2024-06-21,0.1835408,120
2024-06-22,0.14249768,123
2024-06-23,0.1365216,120
2024-06-24,0.13242468,99
2024-06-25,0.1246364,105
2024-06-26,0.14725892,125
2024-06-27,0.14182324,103
2024-06-28,0.1845037199999999,150
2024-06-29,0.1488759999999999,127
2024-06-30,0.156431,136
2024-07-01,0.1360287999999999,118
2024-07-02,0.14818288,131
2024-07-03,0.14541836,119
2024-07-04,0.16033312,130
2024-07-05,0.1881438,149
2024-07-06,0.1880570399999999,157
2024-07-07,0.1605854799999999,137
2024-07-08,0.15761564,113
2024-07-09,0.2028950399999999,170
2024-07-10,0.1758803199999999,145
2024-07-11,0.1835386799999999,134
2024-07-12,0.1675235199999999,147
2024-07-13,0.13599028,115
2024-07-14,0.16971244,147
2024-07-15,0.12349204,101
2024-07-16,0.1297915999999999,105
2024-07-17,0.15796848,116
2024-07-18,0.1745971999999999,117
2024-07-19,0.1588691599999999,111
2024-07-20,0.1710045599999999,144
2024-07-21,0.15018624,110
2024-07-22,0.13966488,119
2024-07-23,0.1449599999999999,117
2024-07-24,0.11858624,98
2024-07-25,0.17092796,120
2024-07-26,0.1504453999999999,129
2024-07-27,0.1365323199999999,115
2024-07-28,0.14353168,125
2024-07-29,0.1457414,121
2024-07-30,0.12415232,100
2024-07-31,0.1501727199999999,131
2024-08-01,0.13461652,105
2024-08-02,0.10394004,88
2024-08-03,0.13644988,95
2024-08-04,0.0957605199999999,72
2024-08-05,0.16475896,33
2024-08-06,0.150243,112
2024-08-07,0.17755996,121
2024-08-08,0.19883988,120
2024-08-09,0.20922536,173
2024-08-10,0.1982643999999999,165
2024-08-11,0.1747298,140
2024-08-12,0.18317032,139
2024-08-13,0.17129696,130
2024-08-14,0.1741263599999999,125
2024-08-15,0.26305068,167
2024-08-16,0.1870102,143
2024-08-17,0.2154057599999999,180
2024-08-18,0.16086456,133
2024-08-19,0.20297284,164
2024-08-20,0.1842165999999999,142
2024-08-21,0.2388852,171
2024-08-22,0.2099989599999999,173
2024-08-23,0.19946292,157
2024-08-24,0.1750128799999999,145
2024-08-25,0.1934987199999999,161
2024-08-26,0.2259878,168
2024-08-27,0.29756744,151
2024-08-28,0.20231668,136
2024-08-29,0.24784424,197
2024-08-30,0.25926992,203
2024-08-31,0.2232037599999999,186
2024-09-01,0.22840328,183
2024-09-02,0.2343754799999999,193
2024-09-03,0.2566171599999999,204
2024-09-04,0.2457385999999999,191
2024-09-05,0.26478344,215
2024-09-06,0.25328512,177
2024-09-07,0.3008435599999999,251
2024-09-08,0.2579491599999999,213
2024-09-09,0.2327299199999999,175
2024-09-10,0.24693952,196
2024-09-11,0.2347175999999999,179
2024-09-12,0.33510248,279
2024-09-13,0.39987404,372
2024-09-14,0.62245732,509
2024-09-15,0.7408195999999999,607
2024-09-16,0.7654219999999999,623
2024-09-17,0.7437632367999999,591
2024-09-18,0.8403986304,665
2024-09-19,0.8622278767999999,667
2024-09-20,0.58889216,474
2024-09-21,0.8003041999999999,648
2024-09-22,0.3766252,311
2024-09-23,0.35183652,273
2024-09-24,0.3321339199999999,255
2024-09-25,0.33693372,279
2024-09-26,0.3317099999999999,267
2024-09-27,0.30708712,251
2024-09-28,0.3104986799999999,259
2024-09-29,0.2937835199999999,245
2024-09-30,0.3204581199999999,260
2024-10-01,0.35219184,246
2024-10-02,0.3852812399999999,301
2024-10-03,0.3401516,248
2024-10-04,0.33708104,272
2024-10-05,0.36741384,306
2024-10-06,0.3537192799999999,295
2024-10-07,0.3154881599999999,260
2024-10-08,0.28668928,236
2024-10-09,0.28114944,231
2024-10-10,0.32831972,265
2024-10-11,0.2829171199999999,247
2024-10-12,0.3014,263
2024-10-13,0.2913664399999999,241
2024-10-14,0.2825457999999999,208
2024-10-15,0.2261525599999999,181
2024-10-16,0.27201596,207
2024-10-17,0.2788018399999999,229
2024-10-18,0.29198828,242
2024-10-19,0.3135864399999999,224
2024-10-20,0.2663385199999999,211
2024-10-21,0.24353128,199
2024-10-22,0.27352308,226
2024-10-23,0.2939926399999999,214
2024-10-24,0.31299156,259
2024-10-25,0.3557385999999999,239
2024-10-26,0.3489345199999999,286
2024-10-27,0.2865698,239
2024-10-28,0.2997261599999999,261
2024-10-29,0.28242564,224
2024-10-30,0.2723267199999999,206
2024-10-31,0.2876361999999999,227
2024-11-01,0.3126621599999999,240
2024-11-02,0.27849984,232
2024-11-03,0.3370342799999999,258
2024-11-04,0.3960452933333333,311
2024-11-05,0.3236968799999999,242
2024-11-06,0.2810860234343434,212
2024-11-07,0.269257141010101,204
2024-11-08,0.3169564399999999,250
2024-11-09,0.35020692,271
2024-11-10,0.27146148,200
2024-11-11,0.2117935199999999,140
2024-11-12,0.26064972,147
2024-11-13,0.2402269199999999,133
2024-11-14,0.2342690399999999,168
2024-11-15,0.4246285199999999,366
2024-11-16,0.2453500799999999,196
2024-11-17,0.27925728,219
2024-11-18,0.23694108,163
2024-11-19,0.2293352799999999,186
2024-11-20,0.3609075599999999,254
2024-11-21,0.3101407599999999,197
2024-11-22,0.4397810399999999,334
2024-11-23,0.2617747199999999,180
2024-11-24,0.22242156,173
2024-11-25,0.2090842799999999,120
2024-11-26,0.27419304,187
2024-11-27,0.246215,152
2024-11-28,0.21720904,173
2024-11-29,0.2090168399999999,172
2024-11-30,0.2199135199999999,186
2024-12-01,0.2571499599999999,210
2024-12-02,0.18581256,130
2024-12-03,0.2096982399999999,150
2024-12-04,0.2028408,97
2024-12-05,0.23182892,148
2024-12-06,0.2340803199999999,161
2024-12-07,0.20642712,172
2024-12-08,0.24765384,206
2024-12-09,0.18884536,134
2024-12-10,0.15549832,80
2024-12-11,0.19062788,60
2024-12-12,0.18468336,41
2024-12-13,0.1977481599999999,159
2024-12-14,0.2026536,166
2024-12-15,0.1838752,150
2024-12-16,0.1762999999999999,132
2024-12-17,0.1780687199999999,130
2024-12-18,0.1981297199999999,156
2024-12-19,0.19148688,124
2024-12-20,0.19360644,128
2024-12-21,0.21113184,164
2024-12-22,0.1976387999999999,148
2024-12-23,0.16507848,128
2024-12-24,0.23041836,190
2024-12-25,0.2422485999999999,192
2024-12-26,0.1984310399999999,165
2024-12-27,0.23448544,189
2024-12-28,0.2103451199999999,173
2024-12-29,0.2672447999999999,222
2024-12-30,0.256204,197
2024-12-31,0.1899989999999999,155
2025-01-01,0.2149516799999999,179
2025-01-02,0.22976448,187
2025-01-03,0.2227373999999999,183
2025-01-04,0.2438926799999999,199
2025-01-05,0.2374485599999999,197
2025-01-06,0.2315103599999999,189
2025-01-07,0.2413297599999999,186
2025-01-08,0.31738668,229
2025-01-09,0.26972144,191
2025-01-10,0.27578512,216
2025-01-11,0.26046756,217
2025-01-12,0.2353354799999999,196
2025-01-13,0.34361964,175
2025-01-14,0.3619257999999999,282
2025-01-15,0.24666512,194
2025-01-16,0.2267418,180
2025-01-17,0.2695507199999999,216
2025-01-18,0.2424385599999999,189
2025-01-19,0.2029447599999999,151
2025-01-20,0.2680462799999999,116
2025-01-21,0.25752564,172
2025-01-22,0.254385,207
2025-01-23,0.3032284,173
2025-01-24,0.31532676,259
2025-01-25,0.6991441420888491,583
2025-01-26,0.2375999999999999,198
2025-01-27,0.19367604,142
2025-01-28,0.3341537999999999,277
2025-01-29,0.2299643999999999,188
2025-01-30,0.2424190799999999,200
2025-01-31,0.19218732,151
2025-02-01,0.2575426799999999,212
2025-02-02,0.56291695,401
2025-02-03,0.37177136,128
2025-02-04,0.36071896,299
2025-02-05,0.3058527159999999,238
2025-02-06,0.3820728639999999,295
2025-02-07,0.4324158259999999,324
2025-02-08,0.4277059199999999,356
2025-02-09,0.3956105119999999,316
2025-02-10,0.3905298,323
2025-02-11,0.4922055159999999,401
2025-02-12,0.43740594,345
2025-02-13,0.4141601559999999,339
2025-02-14,0.409241186,331
2025-02-15,0.3839999999999999,320
2025-02-16,0.39959964,331
2025-02-17,0.4694683839999999,358
2025-02-18,0.325773184,250
2025-02-19,0.4623673199999999,382
2025-02-20,0.5344395599999999,432
2025-02-21,0.5211356739999999,388
2025-02-22,0.53803943,440
2025-02-23,0.4747055939999999,391
2025-02-24,0.5187676379999999,377
2025-02-25,0.477207712,273
2025-02-26,0.505034892,335
2025-02-27,0.5354863719999999,382
2025-02-28,0.677088646,405
2025-03-01,0.6091858739999999,496
2025-03-02,0.618044666,404
2025-03-03,0.762883052,427
2025-03-04,0.77154324,370
2025-03-05,0.658081406,470
2025-03-06,0.749794324,542
2025-03-07,1.00628369,670
2025-03-08,0.852709074,701
2025-03-09,0.787094448,497
2025-03-10,0.865915788,416
2025-03-11,0.785551954,499
2025-03-12,0.76859455,546
2025-03-13,1.108470326,818
2025-03-14,1.377024822,1074
2025-03-15,0.67355808,560
2025-03-16,0.593868034,483
2025-03-17,1.041423038,825
2025-03-18,0.643282516,522
2025-03-19,0.687421406,416
2025-03-20,0.6673828239999999,512
2025-03-21,0.7407700799999999,605
2025-03-22,0.7802642399999999,648
2025-03-23,0.6834872399999999,568
2025-03-24,0.61795431,488
2025-03-25,0.667698852,510
2025-03-26,0.7497040005656566,571
2025-03-27,0.7723555107070706,594
2025-03-28,0.902743576,682
2025-03-29,0.903830692,692
2025-03-30,0.793167746,636
2025-03-31,0.7675010379999999,538
2025-04-01,0.7138061379999999,533
2025-04-02,0.82660186,513
2025-04-03,0.677217638,488
2025-04-04,0.7975751719999999,500
2025-04-05,0.5098282799999999,408
2025-04-06,0.4474758,315
2025-04-07,0.90678268,346
2025-04-08,1.05281972,674
2025-04-09,0.98436788,555
2025-04-10,0.72842036,402
2025-04-11,0.87657164,637
2025-04-12,0.7333465199999999,568
2025-04-13,0.50582808,340
2025-04-14,0.3861758799999999,287
2025-04-15,0.3310515599999999,262
2025-04-16,0.4540701199999999,266
2025-04-17,0.38689512,305
2025-04-18,0.3876179999999999,323
2025-04-19,0.0,0
2025-04-20,0.0,0
2025-04-21,0.0,0
2025-04-22,0.0,0
2025-04-23,0.0,0
2025-04-24,0.0,0
2025-04-25,0.39968704,285
2025-04-26,0.4973659599999999,395
2025-04-27,0.4358129999999999,355
2025-04-28,0.3971055599999999,308
2025-04-29,0.51812724,411
2025-04-30,0.41901056,318
2025-05-01,0.53972524,416
2025-05-02,0.5882748,478
2025-05-03,0.4647428399999999,383
2025-05-04,0.47689644,396
2025-05-05,0.4710642,387
2025-05-06,0.4844741999999999,397
2025-05-07,0.45048624,344
2025-05-08,0.35962952,230
2025-05-09,0.4329641999999999,211
2025-05-10,0.39738836,222
2025-05-11,0.37728784,264
2025-05-12,0.423269112,268
2025-05-13,0.560615672,292
2025-05-14,0.4701863879999999,350
2025-05-15,0.5764017379999999,419
2025-05-16,0.587074766,438
2025-05-17,0.5649117421,431
2025-05-18,0.589962176,384
2025-05-19,0.57421448243903,479
2025-05-20,0.5735339662295099,451
2025-05-21,0.511143082,327
2025-05-22,0.576947458,390
2025-05-23,0.6207795819999999,396
2025-05-24,0.63174595,504
2025-05-25,0.699488406,511
2025-05-26,0.620166424,442
2025-05-27,0.777448762,391
2025-05-28,0.628070378,479
2025-05-29,0.583826164,433
2025-05-30,0.6097552988080808,428
2025-05-31,0.642439174141414,502
2025-06-01,0.6231864965656565,511
2025-06-02,0.5925992666666666,470
2025-06-03,0.610093393131313,488
2025-06-04,0.6060938428282828,484
2025-06-05,0.6083141874747474,416
2025-06-06,0.598598421010101,472
2025-06-07,0.5922452896969697,481
2025-06-08,0.5534747999999999,455
2025-06-09,0.36775332,286
2025-06-10,0.3232157599999999,234
2025-06-11,0.43400772,267
2025-06-12,0.4634371599999999,368
2025-06-13,1.1454317805847722,994
2025-06-14,0.4457123999999999,368
2025-06-15,0.42690636,355
2025-06-16,0.482757342,360
2025-06-17,0.586659956,421
2025-06-18,0.702559854,507
2025-06-19,0.6430822799999999,533
2025-06-20,0.679856544,505
2025-06-21,0.6637973079999999,522
2025-06-22,0.7079910039999999,451
2025-06-23,0.491329030930303,319
2025-06-24,0.8455048665581818,699
2025-06-25,0.8732505243721211,717
2025-06-26,0.9198568458294948,761
2025-06-27,0.8777405407286868,754
2025-06-28,0.5989129599999999,511
2025-06-29,0.5381059272868687,422
2025-06-30,0.5371569480155555,411
2025-07-01,0.6233870858294949,487
2025-07-02,0.6803304323876768,478
2025-07-03,0.6502965258294949,505
2025-07-04,0.5769689880155555,453
2025-07-05,0.40893324,340
2025-07-06,0.3340413599999999,273
2025-07-07,0.3454256799999999,274
2025-07-08,0.3851541599999999,308
2025-07-09,0.6154823476901009,375
2025-07-10,0.6067950872868686,462
2025-07-11,0.6795324811319191,445
2025-07-12,0.6627880607286868,536
2025-07-13,0.5884887007286869,477
2025-07-14,0.6607826945737373,456
2025-07-15,0.6270452633179797,400
2025-07-16,0.5449542247753535,339
2025-07-17,0.7451836764343434,470
2025-07-18,0.8751691614387901,487
2025-07-19,0.8973320814573736,755
2025-07-20,0.8079583808614186,569
2025-07-21,0.7675337562602043,572
2025-07-22,0.7056518796745453,466
2025-07-23,0.835151181860606,643
2025-07-24,0.858790633519596,635
2025-07-25,0.7470160306048484,510
2025-07-26,0.4527461119256424,398
2025-07-27,0.522565189368186,456
2025-07-28,0.5203048406745041,399
2025-07-29,0.5172847865248762,511
2025-07-30,0.6414067245813697,507
2025-07-31,0.5675528882502053,440
2025-08-01,0.6951911113507803,412
2025-08-02,0.6665592082502053,529
2025-08-03,0.6418615999999999,542
2025-08-04,0.658626026400657,513
2025-08-05,0.6546075130008213,505
2025-08-06,0.658912921650041,539
2025-08-07,0.5967974231005749,470
2025-08-08,0.525544609501232,386
2025-08-09,0.4729982363009035,354
2025-08-10,0.4550604631005749,363
2025-08-11,0.6474831109517659,464
2025-08-12,0.6792287777514373,467
2025-08-13,0.7773855393642323,480
2025-08-14,0.5344114812131168,327
2025-08-15,0.274263265050505,198
2025-08-16,0.2266810799999999,182
2025-08-17,0.3592032066001642,278
2025-08-18,0.513278851151273,357
2025-08-19,0.5486186161013963,373
2025-08-20,0.5873378293017248,389
2025-08-21,0.5182301080506981,397
2025-08-22,0.4899512759018891,315
2025-08-23,0.4547883666001642,369
2025-08-24,0.4095890132003285,320
2025-08-25,0.524662154251848,348
2025-08-26,0.5667615563009034,419
2025-08-27,0.5624916482502053,420
2025-08-28,0.3917766,296
2025-08-29,0.44045808,330
2025-08-30,0.4105274399999999,338
2025-08-31,0.4667024399999999,388
2025-09-01,0.5405525699002464,413
2025-09-02,0.6486008214505339,505
2025-09-03,0.5739896148503696,456
2025-09-04,0.5282792049501231,413
2025-09-05,0.5354994146872882,394
2025-09-06,0.5496924,459
2025-09-07,0.56879984,474
2025-09-08,0.6425959699002464,518
2025-09-09,0.5936814899002464,481
2025-09-10,0.7139312932731802,561
2025-09-11,0.6710859699002464,546
2025-09-12,0.5720423332731801,456
2025-09-13,0.488410601650041,402
2025-09-14,0.5059444799999999,419
2025-09-15,0.5570618099002463,441
2025-09-16,0.4927428066001642,404
2025-09-17,0.4605275963009034,327
2025-09-18,0.410906,335
2025-09-19,0.5174246866001643,424
2025-09-20,0.5284666,439
2025-09-21,0.51520596,429
2025-09-22,0.5138321060016428,340
2025-09-23,0.554186779002464,332
2025-09-24,0.5737924379509446,408
2025-09-25,0.5796293468536551,284
2025-09-26,0.5652970227015606,350
2025-09-27,0.627764215702382,350
2025-09-28,0.4846986932003285,386
2025-09-29,0.4953440115502874,386
2025-09-30,0.4848784647506159,369
2025-10-01,0.5023391996009856,364
2025-10-02,0.6063716214505338,460
2025-10-03,0.6110591798004927,461
2025-10-04,0.67207632,559
2025-10-05,0.5931364697007392,445
2025-10-06,0.640376847851191,446
2025-10-07,0.5896264812510267,400
2025-10-08,0.6648249761013962,416
2025-10-09,0.673073057352423,386
2025-10-10,0.5870753959018892,267
2025-10-11,0.41980744,175
2025-10-12,0.42258056,194
2025-10-13,0.36995556,182
2025-10-14,0.3945088,190
2025-10-15,0.41519384,253
2025-10-16,0.38429352,230
2025-10-17,0.43089412,255
2025-10-18,0.4547515199999999,377
2025-10-19,0.4387444,331
2025-10-20,0.4707020799999999,364
2025-10-21,0.44284004,299
2025-10-22,0.4832222399999999,307
2025-10-23,0.4556549199999999,342
2025-10-24,0.49676884,389
2025-10-25,0.4797435599999999,398
2025-10-26,0.43027476,327
2025-10-27,0.4770445199999999,351
2025-10-28,0.43969996,278
2025-10-29,0.4797474399999999,298
2025-10-30,0.4386152,277
2025-10-31,0.48297016,370
2025-11-01,0.5356782,442
2025-11-02,0.51217812,418
2025-11-03,0.43526084,293
2025-11-04,0.8757264322027927,322
2025-11-05,0.7955056396009856,546
2025-11-06,0.7776559344513552,501
2025-11-07,0.6169929695012321,390
2025-11-08,0.5919614565004107,456
2025-11-09,0.5726944532003285,446
2025-11-10,0.5583045262011499,401
2025-11-11,0.7300068297007392,505
2025-11-12,0.7282724012510267,515
2025-11-13,0.7352200441520944,427
2025-11-14,0.680879137352423,413
2025-11-15,0.6369697599999999,521
2025-11-16,0.6340611179509446,439
2025-11-17,0.7706196375519302,441
2025-11-18,0.7241970144513552,496
2025-11-19,0.7587633777514373,490
2025-11-20,0.777182691151273,499
2025-11-21,0.830495360452998,428
2025-11-22,0.8456654449501232,687
2025-11-23,0.7981383599999999,656
2025-11-24,0.8056317113507803,554
2025-11-25,0.8140187097007392,573
2025-11-26,0.8265625315502875,636
2025-11-27,0.7935732049501232,628
2025-11-28,0.7581834214505339,568
2025-11-29,0.81328092,672
2025-11-30,0.7851387599999999,647
2025-12-01,0.7927258107522587,446
2025-12-02,0.788494967851191,534
2025-12-03,0.748360183100575,535
2025-12-04,0.7683062953033676,366
2025-12-05,0.6637921509517659,380
2025-12-06,0.5390265599999999,435
2025-12-07,0.5795254799999999,413
2025-12-08,0.506886,394
2025-12-09,0.5362501199999999,389
2025-12-10,0.7336276330008213,523
2025-12-11,0.6047578664006571,439
2025-12-12,0.5984266415157322,457
2025-12-13,0.5240366399999999,436
2025-12-14,0.50939808,413
2025-12-15,0.5266601753535353,367
2025-12-16,0.6208077802020202,462
2025-12-17,0.4932222852525252,365
2025-12-18,0.5081188452525253,379
2025-12-19,0.50436492,387
2025-12-20,0.5267999999999999,439
2025-12-21,0.4957573199999999,410
2025-12-22,0.699305305050505,530
2025-12-23,0.7656308743434344,482
2025-12-24,0.6521345474747474,211
2025-12-25,0.5569847527272727,235
2025-12-26,0.53711773010101,430
2025-12-27,0.5954465999999999,493
2025-12-28,0.7269229818181817,604
2025-12-29,0.7717755292929293,618
2025-12-30,0.6383815381818181,521
2025-12-31,1.035291542020202,604
2026-01-01,0.8296831199999999,690
2026-01-02,0.7253246133333333,576
2026-01-03,0.8301787199999999,691
2026-01-04,0.947762646060606,785
2026-01-05,0.9218143543434344,720
2026-01-06,0.9644335216161616,724
2026-01-07,0.9943764339476396,787
2026-01-08,1.047599816903731,685
2026-01-09,0.822318842020202,343
2026-01-10,0.902096644040404,379
2026-01-11,0.8331861818181818,349
2026-01-12,0.861355789090909,366
2026-01-13,0.840954842020202,349
2026-01-14,0.7853241090909091,329
2026-01-15,0.78545104,328
2026-01-16,0.75172672,314
2026-01-17,1.16256048,506
2026-01-18,1.0758436,481
2026-01-19,1.19801648,529
2026-01-20,1.0862632,485
2026-01-21,1.33565512,576
2026-01-22,2.0221833837244008,612
2026-01-23,1.39815264,612
2026-01-24,1.23877384,541
2026-01-25,1.32896104,587
2026-01-26,1.14596816,507
2026-01-27,1.14329952,508
2026-01-28,1.18017792,523
2026-01-29,1.3799952,600
2026-01-30,1.23774256,542
2026-01-31,1.35648152,557
2026-02-01,1.40924664,616
2026-02-02,1.36524328,597
2026-02-03,1.36787888,583
2026-02-04,1.03114992,423
2026-02-05,1.2422788,461
2026-02-06,1.37186072,521
2026-02-07,1.40462152,614
2026-02-08,1.14912696,508
2026-02-09,1.04668912,463
2026-02-10,1.31300184,578
2026-02-11,1.29274248,567
2026-02-12,1.37044344,602
2026-02-13,1.39051,608
2026-02-14,1.512529382525183,580
2026-02-15,1.45720456,634
2026-02-16,1.36067752,595
2026-02-17,1.28437728,562
2026-02-18,1.4105331,621
2026-02-19,1.23744561,545
2026-02-20,1.26290584,553
2026-02-21,1.31174504,577
2026-02-22,1.30167944,571
2026-02-23,1.29108411,565
2026-02-24,1.45878621,635
2026-02-25,1.32459984,580
2026-02-26,1.27296203,560
2026-02-27,1.42149392,621
2026-02-28,1.41873664,619
2026-03-01,1.27235232,556
2026-03-02,1.28503788,563
2026-03-03,1.28169948,566
2026-03-04,1.25652584,549
2026-03-05,1.19164094,523
2026-03-06,1.04186968,463
2026-03-07,1.04724155,468
2026-03-08,0.97906041,439
2026-03-09,0.96038488,430
2026-03-10,1.31213024,572
2026-03-11,1.29855649,571
2026-03-12,1.22668904,541
2026-03-13,1.3783973753535352,605
2026-03-14,1.2798347894949496,560
2026-03-15,1.2632147214141414,554
2026-03-16,1.3080498117171715,574
2026-03-17,1.2645164836363636,557
2026-03-18,1.2557797835353537,553
2026-03-19,1.2863503336363635,568
2026-03-20,1.2055626152525252,530
2026-03-21,1.2995923831313132,571
2026-03-22,1.3254369494949494,578
2026-03-23,1.3503086558461663,559
2026-03-24,1.2750914294949494,558
2026-03-25,1.3558332177777777,595
2026-03-26,1.3509497223232323,591
2026-03-27,1.359734507164766,595
2026-03-28,1.348248,590
2026-03-29,1.31085616,574
2026-03-30,1.34427,590
2026-03-31,1.13034333,500
2026-04-01,1.39755496,610
2026-04-02,1.6131119999999999,702
2026-04-03,1.51092001,660
2026-04-04,1.56855632,685
2026-04-05,1.47527608,644
